{"cameraMode":{"drawMode":0,"name":"Shaded","section":"Shading Mode"},"sceneLighting":false,"audioPlay":false,"sceneViewState":{"m_AlwaysRefresh":false,"showFog":true,"showSkybox":false,"showFlares":true,"showImageEffects":true,"showParticleSystems":true,"showVisualEffectGraphs":true,"m_FxEnabled":true},"in2DMode":false,"pivot":{"x":-3.4885785579681398,"y":-0.6268974542617798,"z":3.4025638103485109},"rotation":{"x":0.013921109959483147,"y":-0.9532234072685242,"z":-0.04560232535004616,"w":-0.29917603731155398},"size":0.000017320508050033823,"orthographic":false}